{
"parameter_ranges" : {
		"K" : [
			0.2,
			1
		],
		"A" : [
			0,
			0.01
		],
		"B" : [
			0,
			1
		],
		"D" : [
			10,
			50
		],
		"CM" : [
			10,
			200
		],
		"VR" : [
			-60,
			-50
		],
		"VMIN" : [
			5,
			6
		],
		"VT" : [
			25,
			40
		],
		"VPEAK" : [
			85,
			86
		],
		"G" : [
			5,
			15
		],
		"P" : [
			0.500000,
			0.500001
		],
		"W" : [
			0,
			1
		]
	},

spike_pattern_constraints:[					
					{
					"INCLUDE" : true,
					IDX_NOTE:[1, "ca1 olmr"],
					compartment:0,
					type:SPIKES,	
					pattern_class:"TSTUT.NASP",
					current:{V:[190, 210]},
					current_duration:800,						
					time_min:100,
					valid_max_v:{V:200},										
					fsl:{V:43.27, W:0},
					pss:{V:54.03, W:0},
					nbursts:{V:2, W:0},
					n_spikes:{V:9, W:1.5},
					swa:{V:-2, W:1000},
					eval:[fsl, swa, pss,nbursts, bursts],
					bursts:{V:[{nspikes:5, b_w:161, pbi:245},
								{nspikes:4, b_w:298}],
					feat_w:{nspikes:0.50, b_w:0.25, pbi:0.25},
					tot_w:1
					},
					pattern_weight:1.00
					}
			],
pattern_repair_weights:[1.0, 0.00, 0.00],
"multi_comp_constraints" : [{}]
}
