{
   "pattern_repair_weights": [
      1,
      0,
      0
   ],
   "spike_pattern_constraints": [
      
      {
         "time_min": 0,
         "sfa_linear_m2": {
            "W": 0,
            "V": 0
         },
         "sfa_linear_m1": {
            "W": 0,
            "V": [0.0017874712769268184, 0.0025553418614613845]
         },
         "pss": {
            "W": 0,
            "V": [5.094600000000014, 31.885440000000017]
         },
         "n_sfa_isis1": {
            "W": 0,
            "V": [61, 80]
         },
         "n_sfa_isis2": {
            "W": 0,
            "V": 0
         },
         "eval": [
            "n_sfa_isis1",
            "fsl",
            "pss"
         ],
         "current_duration": 1000,
         "pattern_class": "NASP.",
         "type": "SPIKES",
         "INCLUDE": "true",
         "IDX_NOTE": [
            1,
            "DG Basket (i)2232"
         ],
         "fsl": {
            "W": 0,
            "V": [7.4378337,8.90068306]
         },
         "current": {"V": [
            590,
            610
         ]},
         "pattern_weight": 1,
         "sfa_linear_b2": {
            "W": 0,
            "V": 0
         },
         "sfa_linear_b1": {
            "W": 0,
            "V": [1.2117773255927937, 1.2568095175577045]
         },
         "valid_max_v": {"V": 200},
         "compartment": 0
      }
   ],
   "multi_comp_constraints": [
      {"type": "EXCITABILITY"},
      {"type": "INP_RES"},
      {"type": "PROPAGATION"},
      {"type": "SYN_STIM_EPSP"}
   ],
   "parameter_ranges": {
      "VT": [
         16,
         19
      ],
      "D": [
         0,
         120
      ],
      "W": [
         0,
         1
      ],
      "VMIN": [
         12,
         14
      ],
      "VR": [
         -63,
         -61
      ],
      "G": [
         5,
         200
      ],
      "P": [
         0.1,
         0.9
      ],
      "A": [
         0,
         0.02
      ],
      "B": [
         -25,
         25
      ],
      "VPEAK": [
         74,
         76
      ],
      "CM": [
         10,
         600
      ],
      "K": [
         1,
         12
      ]
   }
}