{
	"pattern_repair_weights" : [
		1,
		0,
		0
	],
	"spike_pattern_constraints" : [{
			"time_min" : 0,
			"sfa_linear_m2" : {
				"W" : 0,
				"V" : 0
			},
			"sfa_linear_m1" : {
				"W" : 0,
				"V" : 0
			},
			"pss" : {
				"W" : 0,
				"V" : 3.3451969999999847
			},
			"n_sfa_isis1" : {
				"W" : 0,
				"V" : 13
			},
			"n_sfa_isis2" : {
				"W" : 0,
				"V" : 0
			},
			"eval" : [
				"n_sfa_isis1",
				"fsl",
				"pss"
			],
			"current_duration" : 210.25799999999998,
			"pattern_class" : "NASP.",
			"type" : "SPIKES",
			"INCLUDE" : "true",
			"IDX_NOTE" : [
				0,
				"CA1 O-LM (i)1002"
			],
			"fsl" : {
				"W" : 0,
				"V" : 1.1654800000000023
			},
			"current" : {
				"V" : [
					390,
					410
				]
			},
			"pattern_weight" : 1,
			"sfa_linear_b2" : {
				"W" : 0,
				"V" : 0
			},
			"sfa_linear_b1" : {
				"W" : 0,
				"V" : 1.3073
			},
			"valid_max_v" : {
				"V" : 200
			},
			"compartment" : 0
		}, {
			"time_min" : 100,
			"eval" : [
				"fsl", "n_spikes"
			],
			"current_duration" : 210.25799999999998,
			"pattern_class" : "X",
			"type" : "SPIKES",
			"INCLUDE" : "true",
			"IDX_NOTE" : [
				1,
				"CA1 O-LM (i)1002"
			],
			"fsl" : {
				"W" : 0,
				"V" : 218
			},
			"n_spikes" : {
				"W" : 0,
				"V" : 1
			},
			"current" : {
				"V" : [
					-1210,
					-1190
				]
			},
			"pattern_weight" : 1,
			"valid_max_v" : {
				"V" : 200
			},
			"compartment" : 0
		}
	],
	"multi_comp_constraints" : [{
			"type" : "EXCITABILITY"
		}, {
			"type" : "INP_RES"
		}, {
			"type" : "PROPAGATION"
		}, {
			"type" : "SYN_STIM_EPSP"
		}
	],
	"parameter_ranges" : {
		"VT" : [
			3,
			12
		],
		"D" : [
			75,
			200
		],
		"W" : [
			0,
			1
		],
		"VMIN" : [
			-1,
			2
		],
		"VR" : [
			-61,
			-59
		],
		"G" : [
			5,
			200
		],
		"P" : [
			0.1,
			0.9
		],
		"A" : [
			0.02,
			0.2
		],
		"B" : [
			20,
			50
		],
		"VPEAK" : [
			66,
			68
		],
		"CM" : [
			50,
			600
		],
		"K" : [
			0.5,
			12
		]
	}
}
