{
   "pattern_repair_weights": [
      1,
      0,
      0
   ],
   "spike_pattern_constraints": [
      {
         "time_min": 0,
         "sfa_linear_m2": {
            "W": 0,
            "V": 0
         },
         "sfa_linear_m1": {
            "W": 0,
            "V": 0.12669802925212614
         },
         "pss": {
            "W": 0,
            "V": 5.630000000000109
         },
         "n_sfa_isis1": {
            "W": 0,
            "V": 4
         },
         "n_sfa_isis2": {
            "W": 0,
            "V": 0
         },
         "eval": [
            "n_sfa_isis1",
            "fsl",
            "pss"
         ],
         "current_duration": 971.847,
         "pattern_class": "NASP.",
         "type": "SPIKES",
         "INCLUDE": "true",
         "IDX_NOTE": [
            0,
            "LIII Stellate (e)223000"
         ],
         "fsl": {
            "W": 0,
            "V": 103.60399999999998
         },
         "current": {"V": [
            190,
            210
         ]},
         "pattern_weight": 1,
         "sfa_linear_b2": {
            "W": 0,
            "V": 0
         },
         "sfa_linear_b1": {
            "W": 0,
            "V": 1.0399860287796006
         },
         "valid_max_v": {"V": 200},
         "compartment": 0
      },
      {
         "time_min": 0,
         "sfa_linear_m2": {
            "W": 0,
            "V": 0
         },
         "sfa_linear_m1": {
            "W": 0,
            "V": 0.036181688315091914
         },
         "pss": {
            "W": 0,
            "V": 49.16000000000008
         },
         "n_sfa_isis1": {
            "W": 0,
            "V": 10
         },
         "n_sfa_isis2": {
            "W": 0,
            "V": 0
         },
         "eval": [
            "n_sfa_isis1",
            "fsl",
            "pss"
         ],
         "current_duration": 949.117,
         "pattern_class": "NASP.",
         "type": "SPIKES",
         "INCLUDE": "true",
         "IDX_NOTE": [
            1,
            "LIII Stellate (e)223000"
         ],
         "fsl": {
            "W": 0,
            "V": 53.974000000000046
         },
         "current": {"V": [
            190,
            210
         ]},
         "pattern_weight": 1,
         "sfa_linear_b2": {
            "W": 0,
            "V": 0
         },
         "sfa_linear_b1": {
            "W": 0,
            "V": 1.3665145169504145
         },
         "valid_max_v": {"V": 200},
         "compartment": 0
      }
   ],
   "multi_comp_constraints": [
      {"type": "EXCITABILITY"},
      {"type": "INP_RES"},
      {"type": "PROPAGATION"},
      {"type": "SYN_STIM_EPSP"}
   ],
   "parameter_ranges": {
      "VT": [
         15,
         18
      ],
      "D": [
         0,
         120
      ],
      "W": [
         0,
         1
      ],
      "VMIN": [
         20,
         24
      ],
      "VR": [
         -60,
         -56
      ],
      "G": [
         5,
         200
      ],
      "P": [
         0.1,
         0.9
      ],
      "A": [
         0,
         0.005
      ],
      "B": [
         -25,
         25
      ],
      "VPEAK": [
         75,
         80
      ],
      "CM": [
         50,
         600
      ],
      "K": [
         0.5,
         8
      ]
   }
}