{
   "pattern_repair_weights": [
      1,
      0,
      0
   ],
   "spike_pattern_constraints": [{
      "time_min": 0,
      "sfa_linear_m2": {
         "W": 0,
         "V": 0
      },
      "sfa_linear_m1": {
         "W": 3,
         "V": 0.015802267894965864
      },
      "pss": {
         "W": 0,
         "V": 19.476200000000006
      },
      "n_sfa_isis1": {
         "W": 0,
         "V": 31
      },
      "n_sfa_isis2": {
         "W": 0,
         "V": 0
      },
      "eval": [
         "n_sfa_isis1",
         "pss","fsl"
      ],
      "current_duration": 524.238,
      "pattern_class": "ASP.",
      "type": "SPIKES",
      "INCLUDE": "true",
      "IDX_NOTE": [
         0,
         "CA3 O-LM (i)11003       "
      ],
      "fsl": {
         "W": 0,
         "V": 1.1900000000000546
      },
      "current": {"V": [
         390,
         410
      ]},
      "pattern_weight": 1,
      "sfa_linear_b2": {
         "W": 0,
         "V": 0
      },
      "valid_max_v": {"V": 200},
      "sfa_linear_b1": {
         "W": 1,
         "V": 1.3048290215600318
      },
      "compartment": 0
   }],
   "multi_comp_constraints": [
      {"type": "EXCITABILITY"},
      {"type": "INP_RES"},
      {"type": "PROPAGATION"},
      {"type": "SYN_STIM_EPSP"}
   ],
   "parameter_ranges": {
      "VT": [
         25,
         31
      ],
      "D": [
         -20,
         120
      ],
      "W": [
         0,
         1
      ],
      "VMIN": [
         4,
         8
      ],
      "VR": [
         -61,
         -59
      ],
      "G": [
         5,
         200
      ],
      "P": [
         0.1,
         0.9
      ],
      "A": [
         0,
         0.02
      ],
      "B": [
         -25,
         25
      ],
      "VPEAK": [
         80,
         83
      ],
      "CM": [
         10,
         200
      ],
      "K": [
         0.5,
         3
      ]
   }
}