{
   "pattern_repair_weights": [
      1,
      0,
      0
   ],
   "spike_pattern_constraints": [{
      "time_min": 0,
      "sfa_linear_m2": {
         "W": 0,
         "V": 0
      },
      "sfa_linear_m1": {
         "W": 0,
         "V": 0.0074147251939733275
      },
      "pss": {
         "W": 0,
         "V": 14.184300000000007
      },
      "n_sfa_isis1": {
         "W": 0,
         "V": 67
      },
      "n_sfa_isis2": {
         "W": 0,
         "V": 0
      },
      "eval": [
         "n_sfa_isis1",
         "pss",
         "fsl"
      ],
      "current_duration": 966.40373,
      "pattern_class": "ASP.",
      "type": "SPIKES",
      "INCLUDE": "true",
      "IDX_NOTE": [
         0,
         "MFA ORDEN (i)02332p"
      ],
      "fsl": {
         "W": 0,
         "V": 3.1380900000000054
      },
      "current": {"V": [
         490,
         510
      ]},
      "pattern_weight": 1,
      "sfa_linear_b2": {
         "W": 0,
         "V": 0
      },
      "valid_max_v": {"V": 200},
      "sfa_linear_b1": {
         "W": 0,
         "V": 1.722407222556665
      },
      "compartment": 0
   }],
   "multi_comp_constraints": [
      {"type": "EXCITABILITY"},
      {"type": "INP_RES"},
      {"type": "PROPAGATION"},
      {"type": "SYN_STIM_EPSP"}
   ],
   "parameter_ranges": {
      "VT": [
         19,
         21
      ],
      "D": [
         0,
         120
      ],
      "W": [
         0,
         1
      ],
      "VMIN": [
         17,
         19
      ],
      "VR": [
         -58,
         -56
      ],
      "G": [
         5,
         200
      ],
      "P": [
         0.1,
         0.9
      ],
      "A": [
         0,
         0.005
      ],
      "B": [
         -25,
         25
      ],
      "VPEAK": [
         91,
         93
      ],
      "CM": [
         50,
         300
      ],
      "K": [
         0.5,
         8
      ]
   }
}