{
	"pattern_repair_weights" : [
		1,
		0,
		0
	],
	
	"spike_pattern_constraints" : [{
			"time_min" : 0,
			"sfa_linear_m2" : {
				"W" : 0,
				"V" : 0
			},
			"sfa_linear_m1" : {
				"W" : 2,
				"V" : 0.085
			},
			"pss" : {
				"W" : 0,
				"V" : 121
			},
			"n_sfa_isis1" : {
				"W" : 0,
				"V" : 11
			},
			"n_sfa_isis2" : {
				"W" : 0,
				"V" : 0
			},
			"eval" : [
				"n_sfa_isis1",
				"pss",
				"fsl"
			],
			
			"current_duration" : 1000,
			
			"pattern_class" : "ASP.",
			
			"type" : "SPIKES",
			
			"INCLUDE" : "true",
			
			"IDX_NOTE" : [
				0,
				"CA1Pyramidal"
			],
			
			
			
			"fsl" : {
				"W" : 0,
				"V" : 30
			},
			
			
			"current" : {
				"V" :[
					140,
					160
				]
			},
			"pattern_weight" : 1,
			"sfa_linear_b2" : {
				"W" : 0,
				"V" : 0
			},
			"valid_max_v" : {
				"V" : 200
			},
			"sfa_linear_b1" : {
				"W" : 0,
				"V" : 1.14
			},
			"compartment" : 0
		}
	],
	"multi_comp_constraints" : [{
			"type" : "EXCITABILITY",
			"INCLUDE" : true,
			"current_min" : 0,
			"current_max" : 1000,
			"current_duration" : 100,
			"current_step" : 10,
			"rheo_diff" : 1000,
			"cons_weight" : 1.0
		}, {
			"type" : "INP_RES",
			"INCLUDE" : true,
			"current" : -500,
			"current_duration" : 1000,
			"v_at_time" : 900,
			"cons_weight" : 1.0
		}, {
			type : PROPAGATION,
			"INCLUDE" : true,
			dend_current_min : 500,
			dend_current_max : 1000,
			dend_current_time_min : 50,
			dend_current_duration : 100,
			dend_current_step : 100,
			dend_target_spike_freq : 10,
			spike_prop_rate_min : 1,
			cons_weight : 1.0
		}, {
			type : SYN_STIM_EPSP,
			"INCLUDE" : true,
			sim_duration : 100,
			ampa_epsp : {
				V : [0.1, 0.9]
			},
			ampa_tau : 5,
			cons_weight : 1.0
		}
	],
	"parameter_ranges" : {
		"VT" : [
			10, 25
		],
		"D" : [
			0,
			1000
		],
		"W" : [
			0,
			1
		],
		"VMIN" : [
			9, 10
		],
		"VR" : [
			-71,
			-70
		],
		"G" : [
			25,
			150
		],
		"P" : [
			0.1,
			0.9
		],
		"A" : [
			0,
			0.02
		],
		"B" : [
			-25,
			0
		],
		"VPEAK" : [
			90,
			100
		],
		"CM" : [
			100,
			1000
		],
		"K" : [
			0.5,
			6
		]
	}
}
