{
   "pattern_repair_weights": [
      1,
      0,
      0
   ],
   "spike_pattern_constraints": [{
      "time_min": 0,
      "sfa_linear_m2": {
         "W": 0,
         "V": 0
      },
      "sfa_linear_m1": {
         "W": 3,
         "V": 0.031865184159477256
      },
      "pss": {
         "W": 0,
         "V": 50
      },
      "n_sfa_isis1": {
         "W": 0,
         "V": 19
      },
      "n_sfa_isis2": {
         "W": 0,
         "V": 0
      },
      "eval": [
         "n_sfa_isis1",
         "pss",
         "fsl"
      ],
      "current_duration": 1116.05,
      "pattern_class": "ASP.",
      "type": "SPIKES",
      "INCLUDE": "true",
      "IDX_NOTE": [
         0,
         "LIII Pyramidal-Looking (i)023300"
      ],
      "fsl": {
         "W": 0,
         "V": 23.279999999999973
      },
      "current": {"V": [
         761,
         781
      ]},
      "pattern_weight": 1,
      "sfa_linear_b2": {
         "W": 0,
         "V": 0
      },
      "valid_max_v": {"V": 200},
      "sfa_linear_b1": {
         "W": 1,
         "V": 1.6346530837565483
      },
      "compartment": 0
   }],
   "multi_comp_constraints": [
      {"type": "EXCITABILITY"},
      {"type": "INP_RES"},
      {"type": "PROPAGATION"},
      {"type": "SYN_STIM_EPSP"}
   ],
   "parameter_ranges": {
      "VT": [
         10,
         20
      ],
      "D": [
         0,
         120
      ],
      "W": [
         0,
         1
      ],
      "VMIN": [
         4,
         6
      ],
      "VR": [
         -72,
         -70
      ],
      "G": [
         5,
         200
      ],
      "P": [
         0.1,
         0.9
      ],
      "A": [
         0,
         0.005
      ],
      "B": [
         -25,
         25
      ],
      "VPEAK": [
         72,
         73
      ],
      "CM": [
         50,
         600
      ],
      "K": [
         2,
         12
      ]
   }
}