{
   "pattern_repair_weights": [
      1,
      0,
      0
   ],
   "spike_pattern_constraints": [{
      "time_min": 100,
      "sfa_linear_m2": {
         "W": 0,
         "V": 0
      },
      "sfa_linear_m1": {
         "W": 0,
         "V": 0.0570381104138325
      },
      "pss": {
         "W": 2.5,
         "V": 325.73938
      },
      "n_sfa_isis1": {
         "W": 0,
         "V": 24
      },
      "n_sfa_isis2": {
         "W": 0,
         "V": 0
      },
	  swa:{V:-10, W:100},
	  nbursts:{V:3, W:0.25},
	  bursts:{V:[{nspikes:12, b_w:85.19, pbi:96.29},
					{nspikes:9, b_w:64.28, pbi:101.94},
					{nspikes:4, b_w:23.09}],
					feat_w:{nspikes:0.25, b_w:0.25, pbi:0.50},
					tot_w:0.30
					},
      eval:[fsl, pss, nbursts, bursts],
      "current_duration": 691.0813099999999,
      "pattern_class": "PSTUT",
      "type": "SPIKES",
      "INCLUDE": "true",
      "IDX_NOTE": [
         0,
         "Oriens-Bistratified (i)0103, using unusual weight for pss"
      ],
      "fsl": {
         "W": 0.01,
         "V": 3.88169999999991
      },
      "current": {"V": [
         511,
         531
      ]},
      "pattern_weight": 1,
      "sfa_linear_b2": {
         "W": 0,
         "V": 0
      },
      "sfa_linear_b1": {
         "W": 0,
         "V": 1.4494441454567826
      },
      "valid_max_v": {"V": 200},
      "compartment": 0
   }],
   "multi_comp_constraints": [
      {"type": "EXCITABILITY"},
      {"type": "INP_RES"},
      {"type": "PROPAGATION"},
      {"type": "SYN_STIM_EPSP"}
   ],
   "parameter_ranges": {
      "VT": [
         15,
         40
      ],
      "D": [
         -50,
         100
      ],
      "W": [
         0,
         1
      ],
      "VMIN": [
         3,
         5
      ],
      "VR": [
         -60,
         -56
      ],
      "G": [
         5,
         200
      ],
      "P": [
         0.5000,
         0.5001
      ],
      "A": [
         0,
         0.1
      ],
      "B": [
         -100,
         100
      ],
      "VPEAK": [
         60,
         62
      ],
      "CM": [
         1,
         2000
      ],
      "K": [
         0.1,
         12
      ]
   }
}
